B1056_1		Pen01_Lft_AP100_ML1300__Site02_Z1150__B1056_cat_P01_S02_1	
B1056_1 	Pen01_Lft_AP100_ML1300__Site03_Z2500__B1056_cat_P01_S03_1	
B1056_1 	Pen01_Lft_AP100_ML1300__Site05_Z3500__B1056_cat_P01_S05_1
B1056_2		Pen01_Lft_AP100_ML1300__Site02_Z1150__B1056_cat_P01_S02_1	
B1056_2 	Pen01_Lft_AP100_ML1300__Site03_Z2500__B1056_cat_P01_S03_1	
B1056_2 	Pen01_Lft_AP100_ML1300__Site05_Z3500__B1056_cat_P01_S05_1
B1056_3		Pen01_Lft_AP100_ML1300__Site02_Z1150__B1056_cat_P01_S02_1	
B1056_3 	Pen01_Lft_AP100_ML1300__Site03_Z2500__B1056_cat_P01_S03_1	
B1056_3 	Pen01_Lft_AP100_ML1300__Site05_Z3500__B1056_cat_P01_S05_1
B1056_4		Pen01_Lft_AP100_ML1300__Site02_Z1150__B1056_cat_P01_S02_1	
B1056_4 	Pen01_Lft_AP100_ML1300__Site03_Z2500__B1056_cat_P01_S03_1	
B1056_4 	Pen01_Lft_AP100_ML1300__Site05_Z3500__B1056_cat_P01_S05_1
B1056_5		Pen01_Lft_AP100_ML1300__Site02_Z1150__B1056_cat_P01_S02_1	
B1056_5 	Pen01_Lft_AP100_ML1300__Site03_Z2500__B1056_cat_P01_S03_1	
B1056_5 	Pen01_Lft_AP100_ML1300__Site05_Z3500__B1056_cat_P01_S05_1
B1056_6		Pen01_Lft_AP100_ML1300__Site02_Z1150__B1056_cat_P01_S02_1	
B1056_6 	Pen01_Lft_AP100_ML1300__Site03_Z2500__B1056_cat_P01_S03_1	
B1056_6 	Pen01_Lft_AP100_ML1300__Site05_Z3500__B1056_cat_P01_S05_1