B1056	Pen01_Lft_AP100_ML1300__Site02_Z1150__B1056_cat_P01_S02_1	
B1056 	Pen01_Lft_AP100_ML1300__Site03_Z2500__B1056_cat_P01_S03_1	
B1056 	Pen01_Lft_AP100_ML1300__Site05_Z3500__B1056_cat_P01_S05_1	
B1235	Pen01_Lft_AP200_ML800__Site01_Z2200__B1235_cat_P01_S01_1	
B1235 	Pen02_Lft_AP200_ML800__Site01_Z3000__B1235_cat_P02_S01_1	
B1235 	Pen02_Lft_AP200_ML800__Site03_Z3000__B1235_cat_P02_S03_1	
B1235 	Pen02_Lft_AP200_ML800__Site04_Z3800__B1235_cat_P02_S04_1
B1224 	Pen01_Lft_AP200_ML1200__Site01_Z2000__B1224_cat_P01_S01_1	
B1224 	Pen02_Lft_AP200_ML1200__Site02_Z2900__B1224_cat_P02_S02_1
B1224 	Pen03_Rgt_AP0_ML1000__Site01_Z2000__B1224_cat_P03_S01_1
B1224 	Pen03_Rgt_AP0_ML1000__Site03_Z2800__B1224_cat_P03_S03_1	
B1215	Pen01_Rgt_AP400_ML1100__Site01_Z2350__st1215_cat_P01_S01	
B1215	Pen01_Rgt_AP500_ML1000__Site01_Z2000__st1215_cat_P01_S01	
B1215	Pen01_Rgt_AP600_ML1100__Site01_Z2500__st1215_cat_P01_S01_1	
